<?xml version="1.0" encoding="UTF-8"?>
<project-private xmlns="http://www.netbeans.org/ns/project-private/1">
    <editor-bookmarks xmlns="http://www.netbeans.org/ns/editor-bookmarks/2" lastBookmarkId="0"/>
    <open-files xmlns="http://www.netbeans.org/ns/projectui-open-files/2">
        <group>
            <file>file:/C:/Users/valen/Documents/NetBeansProjects/AuraFashionn/src/Entidades/id_Entidades.java</file>
            <file>file:/C:/Users/valen/Documents/NetBeansProjects/AuraFashionn/src/FRONEND/PAGINA.java</file>
            <file>file:/C:/Users/valen/Documents/NetBeansProjects/AuraFashionn/src/BASEDATOSS/Pruebaconexion.java</file>
            <file>file:/C:/Users/valen/Documents/NetBeansProjects/AuraFashionn/src/aurafashionn/AuraFashionn.java</file>
        </group>
    </open-files>
</project-private>
